{"loss": [3.0608766078948975, 1.5164333581924438, 1.1995911598205566, 1.0270577669143677, 0.9131045341491699, 0.8112999796867371, 0.7490346431732178, 0.6936036944389343, 0.6461876630783081, 0.6099280714988708], "accuracy": [0.4128410816192627, 0.7280898690223694, 0.7964686751365662, 0.8237560391426086, 0.8516854047775269, 0.8696629405021667, 0.8879614472389221, 0.8940609693527222, 0.8966292142868042, 0.907223105430603], "val_loss": [1.1074329614639282, 0.8808853030204773, 0.7822121381759644, 0.7090602517127991, 0.6440288424491882, 0.5839240550994873, 0.5447846055030823, 0.5166999697685242, 0.48430135846138, 0.4739903211593628], "val_accuracy": [0.8603988885879517, 0.9002848863601685, 0.9173789024353027, 0.9031339287757874, 0.9287749528884888, 0.9515669345855713, 0.9373219609260559, 0.9629629850387573, 0.9515669345855713, 0.9430199265480042]}