{"loss": [3.0851242542266846, 1.590415596961975, 1.2625683546066284, 1.0931228399276733, 0.967937707901001, 0.9012750387191772, 0.8305764198303223, 0.8044124841690063, 0.7713781595230103, 0.7596307992935181], "accuracy": [0.3483146131038666, 0.6760834455490112, 0.7463884353637695, 0.8038523197174072, 0.8163723945617676, 0.841091513633728, 0.8571428656578064, 0.8587480187416077, 0.866131603717804, 0.8645265102386475], "val_loss": [1.204825520515442, 0.9179707765579224, 0.7963858246803284, 0.7096023559570312, 0.6582320332527161, 0.6147552728652954, 0.6019162535667419, 0.566290020942688, 0.5632188320159912, 0.5401268601417542], "val_accuracy": [0.8262107968330383, 0.8860399127006531, 0.9145299196243286, 0.9259259104728699, 0.934472918510437, 0.9430199265480042, 0.9173789024353027, 0.934472918510437, 0.9373219609260559, 0.9544159770011902]}